policy_number,policy_bind_date,policy_state,policy_csl,policy_deductable,policy_annual_premium,umbrella_limit,car_id,customer_id
100804,2017-02-24,IL,100/300,1000,1459.96,6000000,124159,118486
101421,2016-10-19,IL,250/500,1000,1022.46,0,124368,111094
104594,2015-12-22,NC,250/500,1000,1351.1,0,123482,161389
106186,2016-02-12,IL,500/1000,1000,1389.86,0,124085,117079
106873,2015-08-28,WV,500/1000,1000,894.4,0,123827,117429
107181,2016-11-14,WV,250/500,500,942.51,0,123933,115091
108270,2016-09-08,OH,100/300,500,1446.98,0,124173,106852
108844,2017-01-16,SC,100/300,2000,1081.08,0,123523,149587
109392,2016-03-29,OH,100/300,1000,1280.88,0,124498,128923
110084,2014-11-27,IL,250/500,1000,1358.03,0,124098,122154
110122,2016-02-04,IN,250/500,2000,1206.26,0,124448,123673
110143,2014-07-05,OH,100/300,2000,1609.11,0,124132,123281
110408,2016-12-04,IN,100/300,1000,1028.44,0,124025,145863
111874,2014-05-07,IL,500/1000,1000,1464.42,0,124138,162901
113464,2016-04-19,IN,500/1000,2000,1005.47,0,124060,128146
113516,2014-10-13,IL,500/1000,500,1192.27,0,124076,127012
114839,2016-10-22,NY,250/500,500,1198.34,4000000,123709,140963
115399,2015-08-02,WV,100/300,2000,1268.79,0,123501,169194
116645,2018-01-02,OH,100/300,2000,1255.62,0,124041,160395
116700,2015-02-02,NC,100/300,1000,1425.54,0,123554,104269
116735,2017-01-28,SC,250/500,500,1191.5,0,124002,125374
117862,2014-07-14,OH,500/1000,2000,979.26,0,124419,112977
118137,2015-10-02,WV,100/300,500,1238.65,0,123739,136924
118236,2014-08-15,OH,100/300,1000,1648,0,124425,154718
119513,2016-05-04,VA,100/300,1000,1384.51,0,123631,162138
120485,2015-12-30,WV,100/300,1000,1275.39,0,123638,122336
121439,2014-02-08,WV,500/1000,500,1257.83,7000000,123885,114300
125324,2017-09-13,WV,500/1000,2000,1712.68,0,123663,165603
125591,2018-08-02,IN,500/1000,1000,1412.06,5000000,124456,101539
127313,2016-01-04,SC,100/300,1000,1004.63,6000000,123773,111171
127754,2017-06-06,NY,250/500,2000,1136.83,4000000,123572,157000
129872,2017-08-08,NC,100/300,1000,1334.15,6000000,123514,147606
130156,2015-09-24,IL,250/500,2000,1277.12,0,124378,149461
130930,2016-12-04,NC,100/300,1000,1058.21,3000000,123722,163405
131478,2015-12-25,SC,500/1000,1000,1346.27,0,123917,144407
132871,2016-05-07,VA,100/300,500,947.75,0,123788,126221
132902,2016-12-16,SC,250/500,2000,1641.73,5000000,123543,164147
133889,2017-04-26,OH,250/500,2000,1441.6,5000000,124472,109939
134430,2017-03-18,PA,250/500,2000,1488.02,0,123670,142636
135400,2017-03-23,IN,500/1000,500,989.97,0,124309,128531
136520,2017-07-08,IN,100/300,500,1450.98,0,124123,117058
137675,2016-11-19,WV,100/300,2000,1836.02,0,123948,112571
139484,2016-07-24,WV,500/1000,2000,1142.62,7000000,123644,130001
139872,2017-08-10,NY,250/500,1000,1220.71,0,123625,142902
140880,2017-03-17,WV,250/500,500,1448.84,0,123651,134656
140977,2016-08-04,IN,100/300,1000,1310.71,0,124297,168984
143038,2016-07-11,OH,500/1000,500,795.31,0,124374,140774
143109,2015-09-07,OH,250/500,500,1453.95,0,124248,124926
143626,2016-09-29,OH,250/500,2000,1124.38,0,123595,154739
143924,2017-10-12,OH,100/300,1000,1141.1,0,124100,119445
143972,2016-02-08,SC,500/1000,2000,1475.73,0,123497,101343
144323,2015-09-14,VA,500/1000,500,885.08,0,123661,134971
146138,2016-01-03,NY,250/500,2000,1025.54,0,123736,147851
148498,2016-04-01,IN,250/500,2000,1112.04,6000000,124447,105634
149367,2017-03-18,SC,100/300,500,1298.91,6000000,123592,160514
149467,2016-09-20,WV,500/1000,1000,1601.47,0,123955,103247
149601,2017-03-28,IN,500/1000,500,1232.57,0,124325,158708
149839,2014-09-21,OH,100/300,1000,1457.65,5000000,124439,154410
150181,2016-07-04,WV,500/1000,2000,927.23,0,123862,101910
153027,2017-11-03,IN,250/500,500,1667.83,0,124189,119907
153154,2017-08-21,NY,500/1000,1000,1338.55,0,123802,111178
153298,2016-03-23,OH,100/300,500,990.11,0,124219,154935
154280,2017-01-29,SC,250/500,1000,1447.78,0,123655,125395
154982,2015-02-13,OH,500/1000,2000,1374.22,0,123598,146941
155604,2016-03-03,OH,500/1000,500,1185.44,0,124417,142888
155724,2015-02-20,WV,250/500,500,1394.43,0,123604,155040
155912,2015-03-21,OH,100/300,1000,1520.78,0,124131,122133
156636,2014-10-09,SC,100/300,1000,870.55,0,123986,163552
156694,2015-05-24,SC,500/1000,500,1238.89,0,123833,112326
159243,2015-09-19,IL,250/500,2000,1681.01,0,124209,136280
159536,2018-04-02,IL,100/300,2000,1101.85,0,124415,148201
159768,2015-03-09,WV,250/500,500,1259.02,0,123822,130092
162004,2017-06-27,WV,250/500,500,903.32,0,123807,157784
163161,2015-11-11,SC,500/1000,2000,1338.5,0,123589,145436
164464,2017-09-26,OH,250/500,500,1294.41,0,124398,122693
164988,2017-03-07,IL,100/300,2000,1290.74,5000000,124020,143490
165485,2015-12-02,NY,500/1000,2000,1320.75,0,123627,167850
165565,2016-02-20,SC,250/500,2000,1628,0,123908,134061
166264,2017-12-01,NY,500/1000,1000,1038.09,0,123556,114104
167231,2018-01-26,NY,100/300,2000,1472.77,0,123976,135034
167466,2017-03-17,OH,100/300,1000,1255.35,0,124372,120474
168151,2017-01-04,NY,500/1000,2000,1281.25,0,123744,136406
168260,2015-01-03,OH,250/500,1000,1168.8,0,124007,144652
171147,2017-08-29,NY,100/300,2000,714.03,0,123952,127488
171183,2014-01-02,IN,100/300,500,671.92,0,124097,160815
171254,2018-07-11,NY,100/300,2000,1512.58,0,123684,127369
172307,2017-06-12,VA,100/300,2000,1276.43,0,123925,133627
174701,2017-02-21,NY,500/1000,500,1314.6,0,123703,103891
175177,2017-01-20,NY,100/300,1000,1405.99,0,123553,118948
175553,2016-04-25,OH,500/1000,500,1588.26,0,124409,121251
175960,2016-03-17,IN,100/300,1000,1023.11,0,124365,118976
178081,2014-07-20,IN,250/500,1000,976.37,0,124242,121888
179538,2016-08-19,IN,250/500,2000,1124.43,0,124277,117317
180008,2017-01-15,IL,250/500,1000,1387.35,0,124389,168956
180286,2016-08-02,IL,500/1000,1000,1422.78,0,124239,139885
180720,2016-12-02,SC,250/500,1000,1115.27,0,123930,111164
182450,2014-06-23,OH,500/1000,2000,1422.95,0,124166,115994
182953,2018-04-30,IN,100/300,500,944.03,0,124493,168354
183430,2016-06-25,WV,250/500,1000,1187.96,4000000,123498,139619
184938,2016-05-22,SC,250/500,1000,1340.56,0,123733,168753
185124,2015-07-12,IL,100/300,1000,936.19,0,124273,131338
186934,2017-02-23,IL,100/300,1000,1436.79,0,124503,158946
187775,2016-12-21,NC,100/300,500,1297.75,4000000,123734,126613
190588,2015-09-12,OH,100/300,1000,796.35,0,124017,167584
191891,2017-01-17,OH,100/300,1000,830.31,0,124114,141082
192524,2016-10-04,IL,100/300,2000,1133.85,0,124282,164672
193213,2016-07-06,OH,100/300,1000,1250.08,5000000,124454,139710
193442,2017-03-30,VA,100/300,1000,1474.17,0,123582,108329
200152,2017-09-03,WV,100/300,1000,988.45,0,123515,127208
200827,2016-11-15,WV,500/1000,500,1097.57,0,123849,157245
203250,2017-04-22,SC,100/300,2000,1331.69,0,123984,106964
203914,2015-09-06,WV,100/300,1000,1000.06,0,123633,141544
204294,2015-11-16,VA,500/1000,1000,1342.72,0,123878,129462
205134,2017-02-12,IN,500/1000,500,1220.86,0,124174,139731
206004,2015-09-26,IL,250/500,1000,1281.25,0,124188,155271
206213,2016-12-23,WV,100/300,500,1451.62,0,123519,140088
206667,2017-05-05,VA,250/500,1000,974.16,6000000,123865,115504
208298,2014-03-11,NC,250/500,1000,773.99,0,123731,102848
209177,2016-11-17,IN,500/1000,500,1448.54,0,124089,110380
211578,2015-10-31,IL,500/1000,1000,1236.32,5000000,124334,145401
212580,2017-05-20,SC,500/1000,1000,1594.45,0,123679,149160
212674,2016-01-09,SC,250/500,500,1050.76,0,123740,120161
214618,2016-05-29,PA,100/300,2000,1137.16,0,123488,156909
215278,2016-11-17,IN,100/300,500,722.66,0,124499,162481
215534,2018-04-06,IL,250/500,1000,1437.53,0,124005,139955
216738,2016-03-18,SC,250/500,1000,1185.78,0,123858,105256
217899,2018-02-24,IL,500/1000,1000,1389.59,0,124201,121958
217938,2016-05-19,SC,250/500,500,847.03,0,123632,153339
218109,2017-01-06,WV,500/1000,500,1161.31,0,123872,106565
218456,2016-07-16,NY,500/1000,1000,1575.74,7000000,123965,153549
218684,2015-10-26,NY,500/1000,2000,1048.46,0,123696,109638
219028,2015-07-18,OH,100/300,1000,1311.3,0,124377,121034
221186,2016-08-27,OH,100/300,1000,1517.54,0,124411,100839
221283,2018-02-20,OH,500/1000,500,914.85,0,124223,108294
221854,2017-11-03,OH,250/500,2000,1181.64,0,124478,127509
223404,2016-01-23,IL,250/500,500,895.14,0,124155,117247
225865,2015-04-11,NY,250/500,1000,1252.08,0,123814,163755
226330,2018-01-23,SC,100/300,2000,1057.77,0,123669,117457
226725,2016-11-08,WV,500/1000,2000,1304.67,7000000,123750,118731
227244,2016-08-09,IN,500/1000,2000,1066.7,0,124457,152121
227811,2014-05-25,WV,250/500,2000,1415.74,6000000,123480,115812
228403,2015-12-15,IN,100/300,1000,1435.09,0,124088,155992
230223,2015-06-09,IL,500/1000,500,1969.63,0,124249,159345
231127,2016-12-07,NY,500/1000,500,1173.37,8000000,123995,152702
231508,2016-09-16,IL,100/300,500,1367.99,0,124400,157763
231548,2016-07-09,IL,100/300,2000,1263.48,4000000,124451,156685
232854,2017-05-30,IL,100/300,2000,1304.83,0,124006,150161
235097,2016-04-28,IL,100/300,1000,1119.23,0,124237,103793
235220,2016-07-10,OH,250/500,2000,1352.83,0,123578,105074
235869,2016-01-22,SC,250/500,500,1239.55,2000000,123795,156097
237418,2016-07-22,NC,500/1000,1000,1337.92,0,123648,155516
238196,2017-02-15,IL,250/500,500,1203.81,0,124184,133711
238412,2017-05-18,WV,500/1000,2000,1294.93,6000000,123962,100314
241562,2017-01-28,VA,250/500,1000,2047.59,0,123715,134782
243226,2017-10-01,IL,250/500,1000,1232.72,0,124009,106943
246435,2015-05-07,IL,250/500,2000,1800.76,0,124010,134348
246705,2014-03-14,OH,250/500,500,1270.02,0,124018,166163
246882,2016-09-20,PA,100/300,1000,969.5,0,123580,116701
247116,2017-02-06,SC,250/500,2000,1153.35,0,123685,150574
247505,2017-02-09,IL,100/300,500,1358.2,0,124271,154403
247801,2015-03-18,SC,250/500,500,1340.71,0,123951,120859
248467,2017-06-10,NY,250/500,2000,1171.75,0,123945,136539
249048,2017-07-31,SC,250/500,1000,1254.18,0,123660,135972
250162,2016-05-07,IL,250/500,500,878.19,0,124256,109176
250249,2015-11-28,IN,100/300,500,1392.39,5000000,124062,127131
250833,2015-07-28,IN,250/500,2000,1347.31,0,124311,159457
253005,2015-11-20,NC,250/500,2000,1190.6,0,123899,131128
253085,2015-04-25,SC,500/1000,1000,1575.86,0,123929,138296
253791,2016-07-23,NY,500/1000,500,1625.45,4000000,123603,125318
254837,2018-04-03,IN,100/300,500,1055.6,0,124321,143798
258265,2018-02-20,IL,100/300,1000,1073.83,0,124387,125423
259792,2016-07-04,IL,100/300,1000,1232.79,0,124272,102456
260845,2015-11-11,NY,100/300,2000,1055.53,0,123550,114489
261119,2017-03-14,NY,500/1000,2000,932.14,0,123723,127432
261315,2017-03-21,NY,100/300,2000,1312.75,0,123799,132682
261905,2016-05-19,IL,500/1000,500,1312.22,9000000,124153,108504
263108,2017-05-29,OH,250/500,1000,1576.41,0,124151,126361
263159,2015-07-03,SC,100/300,500,1402.78,5000000,123941,120880
264221,2017-06-16,IL,500/1000,1000,1243.68,0,124348,110527
265026,2016-06-20,NY,100/300,500,922.67,0,123851,165974
265093,2016-10-07,OH,500/1000,1000,1070.63,0,124000,167150
265437,2017-11-10,IL,250/500,1000,1319.81,0,124278,118423
266247,2016-09-23,IN,100/300,2000,1482.53,0,124279,149181
267808,2015-10-09,VA,500/1000,2000,916.13,0,124001,105284
267885,2018-03-09,WV,500/1000,2000,1212,0,123711,133753
268833,2016-09-18,NC,100/300,1000,1338.4,4000000,123918,160983
270208,2016-07-07,OH,100/300,2000,1546.01,0,124104,101707
272330,2016-11-29,IN,250/500,500,1616.65,7000000,124299,134712
272910,2016-12-08,IN,250/500,500,1594.37,0,124401,135391
275092,2017-03-14,NY,500/1000,500,1416.24,0,123786,106103
275265,2015-08-13,NC,500/1000,500,708.64,6000000,123495,117415
276804,2016-11-27,IL,100/300,500,995.7,5000000,124093,103646
277767,2017-06-28,VA,100/300,500,1080.13,0,123755,164826
278091,2018-01-09,NC,100/300,2000,1327.41,0,123801,106663
279422,2017-04-11,VA,500/1000,500,976.67,0,123559,154508
280709,2015-06-05,SC,500/1000,2000,1608.34,0,123724,157812
281388,2015-07-16,IL,500/1000,1000,763.67,0,124449,111423
282195,2015-11-19,NC,250/500,1000,1393.57,0,123533,146780
283052,2016-08-28,IL,100/300,1000,1555.94,0,124026,112340
283267,2017-07-29,OH,100/300,2000,1090.32,0,124207,119032
283414,2015-12-28,NY,500/1000,2000,1207.36,0,123588,163055
283925,2015-11-21,NY,250/500,1000,1629.94,0,123747,100650
284143,2015-04-23,SC,500/1000,2000,1344.56,6000000,123987,109820
284834,2016-03-08,OH,500/1000,1000,1664.66,0,124102,154711
284836,2015-05-11,IN,250/500,500,1484.72,5000000,124183,160150
285496,2017-11-23,SC,100/300,2000,972.18,0,123500,146703
287436,2016-11-14,OH,100/300,1000,1484.48,0,124186,111297
287489,2018-03-02,NY,100/300,1000,949.44,0,123919,114622
288580,2017-11-22,SC,250/500,2000,1079.92,0,123654,134775
290162,2017-07-11,IN,100/300,1000,1677.26,0,124082,154956
290971,2017-03-16,OH,100/300,500,1698.51,0,124238,159884
291006,2014-05-16,IN,100/300,500,951.56,0,124480,133648
291544,2016-10-18,OH,500/1000,500,1319.97,0,124404,128370
291902,2018-02-17,IL,500/1000,1000,1115.81,0,124438,167094
293794,2016-04-17,NC,250/500,2000,1440.68,0,123673,154816
296960,2016-10-26,NY,250/500,500,1362.87,5000000,123910,115364
297816,2016-12-27,NY,100/300,2000,1400.74,0,123790,160745
298412,2016-06-05,OH,100/300,500,1172.82,4000000,124152,100566
299796,2016-09-29,NY,250/500,500,1344.36,7000000,123640,169901
302669,2016-08-20,SC,100/300,1000,1523.17,0,123904,111689
303987,2017-09-30,SC,500/1000,1000,1168.2,0,123540,134614
305758,2016-08-03,IL,100/300,500,1035.99,0,124402,113852
307195,2017-03-11,WV,500/1000,1000,1414.74,0,123536,110457
307447,2014-03-17,SC,100/300,500,1515.3,0,123575,140004
307469,2016-07-28,IL,100/300,1000,968.46,0,124145,155425
309323,2016-02-28,OH,500/1000,500,1060.88,0,124179,133725
311783,2016-11-18,OH,100/300,500,1233.85,0,124086,144393
312940,2015-10-27,NC,500/1000,1000,1056.71,0,123934,144932
315041,2017-02-11,OH,100/300,2000,998.19,0,124206,108098
315631,2016-09-04,IN,500/1000,2000,1231.98,0,124059,168081
319232,2016-07-02,WV,250/500,2000,1269.76,0,123600,163139
320251,2016-01-24,WV,100/300,2000,1132.74,0,123994,115651
322609,2017-01-15,OH,500/1000,1000,1230.69,0,124128,127705
322613,2016-02-15,IN,250/500,1000,1183.48,0,124313,111647
326180,2016-05-25,IL,100/300,2000,1304.46,0,124342,164056
326289,2016-02-11,OH,100/300,500,1048.39,0,124117,157651
326322,2016-06-26,SC,250/500,1000,433.33,0,123735,122637
327488,2017-03-05,OH,250/500,1000,919.37,0,124263,116239
327856,2017-07-01,PA,100/300,500,1008.38,0,123939,105760
328387,2017-04-26,IL,100/300,1000,1496.44,0,124047,117709
330119,2018-01-11,IL,500/1000,1000,1125.4,0,124397,141278
330506,2017-01-01,WV,250/500,1000,1422.36,0,123767,149958
330591,2017-05-08,NY,500/1000,2000,1103.58,0,123599,159982
331170,2015-10-04,IL,250/500,2000,1370.92,0,124304,132444
331595,2016-11-29,WV,100/300,1000,904.7,7000000,123839,135272
331683,2016-12-02,OH,100/300,2000,1578.54,0,124358,139017
332867,2017-12-13,WV,100/300,500,1362.87,0,123544,145583
332892,2016-10-06,SC,250/500,1000,1194,0,123775,163020
334749,2017-03-05,OH,100/300,2000,1422.21,0,124222,134208
335780,2016-07-22,NY,250/500,2000,1587.96,0,123649,104745
336047,2017-04-21,SC,250/500,500,1264.77,0,123737,134894
336614,2017-01-08,WV,500/1000,1000,1088.34,0,123511,114440
337158,2015-08-04,OH,250/500,2000,945.73,5000000,124057,120243
337677,2015-07-20,NC,100/300,2000,1437.33,0,123831,131954
338070,2016-07-31,IN,500/1000,1000,1037.32,0,124283,132857
340614,2016-12-09,SC,250/500,2000,1212.12,0,123846,114923
342830,2015-09-11,IL,500/1000,1000,1468.82,0,124407,158218
342868,2017-03-17,VA,250/500,2000,1197.22,5000000,123478,138688
343161,2016-11-15,WV,500/1000,1000,993.51,0,123541,107272
343421,2017-03-05,NY,500/1000,500,1480.79,9000000,123949,152142
344480,2014-02-18,OH,100/300,2000,1482.57,0,124362,158057
345539,2017-07-24,IN,100/300,1000,1559.34,0,124013,132521
346002,2014-08-20,NY,250/500,500,835.02,0,123546,106180
346940,2016-09-13,SC,500/1000,1000,1166.54,0,123646,144904
347984,2016-10-21,NY,100/300,2000,617.11,0,123870,151995
348209,2018-02-22,NY,500/1000,1000,1279.08,0,123548,110744
348814,2016-09-24,VA,500/1000,1000,1245.61,0,123892,161984
349658,2018-01-13,IN,100/300,500,1927.87,0,124038,146969
351741,2016-02-16,WV,500/1000,1000,1372.18,0,123805,164511
352120,2018-05-09,IN,250/500,500,1518.54,0,124328,135657
354105,2017-08-25,WV,250/500,2000,1238.62,6000000,123626,120887
354455,2017-06-07,IN,250/500,1000,1416.08,0,124459,101245
354481,2016-04-09,NC,100/300,1000,1342.02,0,123852,144267
355085,2017-09-10,WV,500/1000,500,1021.9,0,123913,132934
356590,2016-08-17,VA,250/500,500,1239.22,7000000,123545,110366
356768,2017-11-03,WV,100/300,500,1006.77,6000000,123766,100720
357394,2015-09-05,IL,250/500,2000,785.82,0,124335,124968
357713,2016-11-12,NY,500/1000,1000,1141.71,2000000,123880,115987
357808,2016-01-31,IN,500/1000,500,1114.68,0,124195,139199
357949,2016-07-24,NC,500/1000,500,854.58,0,123991,127670
360770,2015-12-10,WV,100/300,500,1285.03,3000000,123842,117240
361829,2016-03-14,OH,500/1000,2000,1021.14,0,124068,137050
362407,2016-11-17,IN,100/300,500,1264.99,0,124275,132423
362843,2015-12-05,OH,250/500,2000,1111.17,0,124308,144526
364055,2015-05-14,IN,500/1000,500,1488.26,0,124359,141817
365364,2016-12-28,WV,500/1000,1000,978.46,0,123708,127691
367455,2016-12-19,NY,500/1000,1000,1583.91,6000000,123481,114412
367595,2016-11-11,SC,500/1000,500,1307.74,0,123762,156986
368050,2017-10-03,SC,500/1000,2000,1167.3,4000000,123602,106992
369048,2016-05-06,NC,500/1000,500,1527.95,0,123859,156433
369226,2016-10-02,OH,250/500,500,1300.68,0,124227,112809
369781,2016-05-25,IL,250/500,2000,1166.62,6000000,124354,168837
369941,2016-02-20,OH,100/300,500,1330.39,0,124214,152485
371635,2015-10-13,SC,500/1000,1000,1086.48,6000000,123797,123666
372891,2014-06-26,IN,250/500,2000,1009.37,0,124033,112102
372912,2016-05-08,NY,100/300,1000,1437.88,0,123942,140200
373600,2014-01-12,VA,100/300,1000,1217.84,5000000,123959,157035
373731,2017-12-24,NY,100/300,1000,1226.78,0,123974,105312
373935,2017-02-13,NY,500/1000,500,1335.13,0,123936,140081
374545,2016-02-07,IN,250/500,500,664.86,0,124235,122392
376879,2015-11-07,IL,100/300,1000,1406.52,8000000,124380,116729
378587,2015-12-16,OH,250/500,2000,1107.59,3000000,124422,166611
378588,2016-07-10,OH,500/1000,500,1757.87,0,124073,132570
379268,2017-05-08,IN,250/500,500,1209.63,0,124307,127285
379882,2017-07-11,IL,250/500,500,1275.62,0,124031,147627
380067,2018-02-14,NY,500/1000,1000,1243.84,0,123840,140928
382394,2016-09-17,OH,100/300,2000,1170.53,0,124028,140585
384618,2017-09-02,SC,250/500,500,1090.65,0,123781,123470
385932,2016-04-28,IL,100/300,500,1268.35,0,124049,145226
386429,2016-05-27,IL,250/500,500,1381.88,5000000,124172,153129
386690,2015-11-16,NY,100/300,1000,1050.24,0,123855,129567
388616,2016-09-24,OH,250/500,2000,1391.63,0,124405,160472
388671,2016-10-12,NC,250/500,2000,1554.86,6000000,123863,105809
389238,2015-06-06,WV,250/500,500,1497.35,0,123583,135860
389525,2017-10-07,OH,500/1000,500,1467.76,0,124276,122826
390256,2016-11-25,IN,500/1000,1000,1200.33,4000000,124470,148950
390381,2016-06-10,VA,500/1000,2000,965.21,0,123728,113558
391003,2016-09-20,SC,500/1000,500,889.13,0,123812,114552
391652,2015-12-10,SC,100/300,500,1382.88,7000000,123666,113166
394975,2016-02-06,WV,100/300,1000,1530.52,0,123531,119004
395269,2017-02-11,SC,500/1000,500,1222.75,0,123593,157749
395572,2016-03-30,NC,250/500,500,1401.2,0,123752,130736
395983,2016-08-11,NY,100/300,500,1355.08,0,123630,156601
396002,2017-07-08,IN,250/500,1000,1588.22,0,124064,130519
396224,2016-08-09,SC,100/300,500,1455.65,4000000,123896,134362
396590,2017-02-24,NC,100/300,2000,1567.37,0,123961,163419
398102,2016-08-30,SC,500/1000,2000,1097.71,0,123664,122259
398484,2016-07-11,IL,250/500,2000,1177.57,0,124430,145310
398683,2016-08-26,IN,250/500,500,1607.36,0,124246,111395
399524,2017-08-04,NY,100/300,1000,1829.63,0,123838,110499
403737,2015-06-12,NY,500/1000,2000,1447.77,0,123806,168116
403776,2017-04-27,IN,100/300,2000,1317.97,0,124063,117212
405533,2015-10-12,NC,100/300,1000,1083.72,0,123716,126158
406567,2015-09-25,OH,100/300,500,1399.27,6000000,123824,104472
407958,2015-07-20,IL,250/500,500,1063.67,0,124105,138898
409074,2016-03-19,OH,500/1000,500,1295.87,0,124134,113481
411289,2017-02-13,SC,250/500,2000,1082.72,0,123886,107503
411477,2015-12-25,NY,100/300,500,793.15,0,123932,132962
412703,2016-05-03,NY,100/300,2000,1260.32,6000000,123868,134313
413192,2016-09-11,WV,500/1000,2000,1453.92,0,123950,160059
413978,2014-04-06,SC,250/500,1000,1333.35,0,123483,118983
414519,2016-01-25,NC,250/500,1000,1554.64,4000000,123819,146136
414779,2016-09-11,NY,100/300,2000,1588.55,0,123608,163979
414913,2017-07-17,SC,250/500,500,1379.93,0,123818,113887
419510,2014-09-29,NY,100/300,1000,1372.27,0,123636,129924
419954,2017-07-12,NY,100/300,500,806.31,0,123785,167913
420810,2017-10-19,VA,100/300,1000,1276.57,0,123534,128867
420815,2014-11-15,IL,100/300,2000,1124.47,0,124252,158386
420948,2016-08-09,IL,100/300,500,1272.46,0,124423,109512
421092,2017-04-03,OH,100/300,1000,1221.17,0,124037,152170
421940,2016-01-25,PA,100/300,1000,1384.64,5000000,123834,146710
424358,2017-05-24,VA,500/1000,500,1282.93,0,123916,140634
424862,2016-10-16,WV,100/300,500,1411.3,0,123764,131450
425631,2016-02-21,IL,250/500,500,1163.83,0,124077,128727
425973,2017-02-11,NY,250/500,500,1229.16,4000000,123656,168935
426708,2016-09-10,SC,250/500,500,1155.53,5000000,123791,132661
427199,2017-01-10,NY,250/500,2000,1247.87,0,123798,143308
427484,2018-01-22,NC,250/500,2000,1620.89,0,123695,157945
428230,2017-04-06,NY,500/1000,500,1399.26,0,123609,155334
429027,2014-03-02,VA,100/300,1000,1137.03,0,123484,105893
430029,2016-08-26,PA,250/500,1000,1454.43,0,123524,109484
430794,2015-01-25,NC,250/500,2000,1486.04,0,123985,126529
431283,2015-06-27,NC,100/300,2000,1376.16,0,123953,135279
431478,2018-03-04,IN,250/500,1000,1556.17,0,124181,112564
431583,2014-05-15,IL,500/1000,2000,1124.69,0,124130,121664
431876,2015-03-29,WV,500/1000,2000,875.15,0,123499,118255
432068,2017-03-16,VA,100/300,500,1111.72,0,123927,141215
432740,2014-09-10,IL,100/300,2000,1081.17,0,124110,115847
433663,2016-10-21,IN,500/1000,2000,1356.64,0,124461,112109
434507,2016-06-02,NY,250/500,1000,1281.27,0,123620,152380
435784,2014-07-19,WV,250/500,1000,1573.93,0,123847,162775
436126,2016-03-11,SC,250/500,500,1451.54,3000000,123693,100153
437442,2015-06-27,IL,100/300,1000,959.83,0,124162,105144
437573,2015-03-23,WV,250/500,2000,1624.82,0,123617,110772
437960,2015-03-04,IN,250/500,1000,1074.99,0,124466,165841
438817,2017-01-13,NC,500/1000,1000,986.53,0,123672,148796
439049,2016-12-12,IN,100/300,1000,1022.42,0,124071,126004
439341,2015-07-20,IN,100/300,1000,1140.91,0,124410,151078
439660,2016-11-07,WV,100/300,1000,845.16,0,123923,143259
439828,2016-12-30,NC,500/1000,2000,1257,4000000,123906,123463
439844,2015-08-17,IL,250/500,500,1543.68,0,124139,162978
440616,2016-06-03,IL,500/1000,2000,1017.97,0,124288,113509
442494,2016-06-06,IN,500/1000,500,1780.67,0,124208,140410
442677,2015-11-22,WV,250/500,500,1451.01,0,123707,134677
442795,2017-01-11,WV,500/1000,500,1054.83,7000000,123668,117933
444035,2016-11-01,OH,250/500,1000,1524.45,4000000,124180,102337
444422,2016-09-28,SC,250/500,2000,782.23,0,123778,135720
445195,2017-02-04,IN,100/300,500,1261.28,0,124258,126809
445289,2017-04-24,SC,250/500,500,1237.88,0,123989,127418
445694,2018-05-24,IL,250/500,1000,1193.45,0,124004,157686
445973,2015-11-13,OH,250/500,1000,988.29,0,123832,132500
447226,2017-10-02,OH,500/1000,500,1122.95,4000000,124215,141586
448642,2015-03-28,NY,500/1000,1000,1248.25,4000000,123776,153787
448961,2017-01-12,SC,500/1000,500,1475.93,0,123521,159695
449263,2016-03-20,IL,250/500,500,1479.48,0,124432,108063
454086,2016-10-11,WV,500/1000,1000,1152.4,0,123643,138520
454758,2014-05-20,IN,100/300,1000,1142.48,0,124395,131422
456604,2018-03-29,NY,500/1000,2000,968.74,0,123624,126774
457188,2015-03-23,IL,250/500,1000,1340.24,0,124424,118570
457244,2015-01-28,WV,500/1000,2000,736.07,6000000,123864,136133
458829,2017-01-11,IN,500/1000,1000,1294.04,0,124204,108455
461962,2017-12-09,WV,100/300,500,914.22,0,123954,115791
463237,2014-09-02,IN,100/300,2000,1306,0,124289,130022
463513,2016-02-24,IL,250/500,500,1390.89,5000000,124140,160444
463727,2016-05-08,WV,250/500,500,1075.71,0,123889,113747
464234,2015-07-18,IL,500/1000,1000,1252.48,0,124081,115602
465065,2016-03-22,IN,250/500,1000,1274.7,5000000,124213,123925
467106,2015-07-13,SC,100/300,2000,1209.41,5000000,123879,165316
467841,2014-03-29,IN,500/1000,500,1074.07,0,124376,100965
469426,2014-07-15,OH,250/500,1000,1497.41,0,124190,128902
469874,2016-09-17,NY,250/500,1000,1139,6000000,123611,132976
469966,2017-08-25,IN,500/1000,500,1366.6,0,124126,106033
471938,2015-03-02,IL,100/300,2000,1387.7,4000000,124462,144064
473338,2017-02-20,IN,100/300,1000,1555.52,0,124121,162635
475588,2017-03-15,SC,100/300,2000,1134.08,0,123748,155852
476839,2014-09-08,IL,250/500,1000,1726.91,0,124324,154361
476923,2015-05-31,SC,100/300,2000,1219.04,0,123719,145352
477177,2014-08-15,VA,100/300,1000,1226.49,0,123657,122756
480094,2017-09-03,IN,500/1000,1000,1189.98,4000000,124150,120362
482404,2016-06-18,IN,500/1000,2000,1550.53,0,124303,135699
482495,2015-01-29,IL,500/1000,500,1592.41,0,124260,107293
483088,2016-06-01,OH,250/500,2000,1295.63,4000000,124158,161396
484200,2015-06-01,NY,250/500,2000,1340.43,0,123560,113817
484321,2016-08-21,PA,250/500,1000,1152.12,0,123963,146829
485295,2015-10-16,OH,250/500,1000,1260.56,0,124067,133235
485372,2015-11-21,VA,250/500,2000,870.63,0,123538,103730
485642,2014-08-25,OH,250/500,1000,1276.73,5000000,124095,148698
485664,2016-11-25,SC,500/1000,2000,1155.55,0,123517,149734
485665,2016-06-23,WV,100/300,500,1442.99,0,123485,167164
485813,2017-07-04,IN,250/500,1000,1361.16,4000000,124316,122728
486676,2016-08-15,NC,100/300,500,1105.49,0,123549,110072
487356,2014-08-30,SC,500/1000,2000,1313.33,0,123821,153150
488037,2016-06-05,OH,250/500,1000,1173.25,0,124315,143077
488464,2016-10-10,OH,100/300,2000,1007.28,6000000,124149,157021
488597,2015-08-05,IL,100/300,1000,1343,0,124471,110408
488724,2018-01-02,IN,100/300,500,1463.95,0,124281,158876
489618,2017-01-23,IL,500/1000,1000,1524.45,0,124366,105347
490514,2017-10-03,IN,500/1000,2000,1101.83,0,124488,116407
490596,2016-04-02,IL,500/1000,500,1198.44,8000000,124427,140165
491170,2015-01-14,IN,500/1000,500,1412.76,0,124408,121608
491392,2016-03-07,SC,500/1000,1000,1362.29,0,123650,119137
491484,2015-05-07,NC,500/1000,1000,1143.95,0,123998,153500
492224,2016-02-19,NC,500/1000,2000,1175.7,0,123931,149797
492745,2018-01-18,VA,100/300,2000,1506.21,0,123721,106341
493161,2016-01-30,SC,250/500,1000,770.76,0,123992,102981
496067,2015-06-02,IL,250/500,500,1581.27,5000000,124187,123722
497347,2017-08-23,WV,500/1000,500,1187.53,0,123922,130477
497929,2016-09-19,OH,250/500,500,1733.56,0,124090,167738
498140,2016-03-26,SC,500/1000,2000,769.95,0,123565,152366
498759,2017-05-06,NY,100/300,1000,1326.98,6000000,123982,124450
498842,2014-04-05,OH,100/300,500,1205.86,0,124045,126522
498875,2017-05-18,SC,100/300,2000,1514.72,0,123566,101511
500384,2017-10-22,WV,250/500,2000,1241.04,0,123875,101434
500533,2018-05-13,SC,100/300,1000,1061.33,0,123547,155376
500639,2016-07-07,OH,500/1000,1000,1324.78,0,124327,148376
501692,2014-12-21,NY,100/300,1000,1134.68,0,123911,150707
502634,2015-08-17,OH,100/300,2000,1558.86,0,124072,100013
505014,2015-12-27,IL,100/300,500,1251.16,0,124022,160423
505316,2016-06-30,IN,100/300,2000,1221.14,0,124040,113971
505969,2015-07-04,SC,250/500,500,1722.95,0,123686,147375
506333,2014-06-22,NY,100/300,500,1396.83,0,123940,142958
507452,2016-05-03,OH,250/500,500,1124.59,6000000,124243,166884
507545,2015-07-12,IL,250/500,1000,1298.85,6000000,124094,119186
509489,2017-11-12,OH,100/300,1000,1744.64,3000000,124066,114727
509928,2016-01-18,WV,100/300,1000,1279.13,0,123700,100419
511621,2014-09-22,SC,250/500,500,1072.62,0,123718,134978
512813,2014-01-27,WV,100/300,2000,694.45,0,123765,120180
512894,2014-02-10,OH,250/500,2000,1153.54,6000000,124079,133641
513099,2015-09-24,NY,500/1000,1000,1532.47,0,123732,129441
514065,2016-04-01,PA,250/500,500,1363.77,4000000,123665,108987
514424,2016-11-10,VA,100/300,1000,1366.39,0,123860,151428
515050,2014-11-16,WV,100/300,500,990.98,0,123628,164259
515217,2017-06-18,WV,250/500,2000,1316.63,8000000,123803,130351
515457,2016-03-16,IN,250/500,1000,988.93,0,124484,163510
515698,2017-12-06,WV,250/500,2000,1097.64,0,123787,127719
516182,2016-05-27,OH,100/300,2000,719.52,0,124345,131149
516959,2017-01-05,IL,100/300,500,1508.12,6000000,124266,152002
517240,2015-05-13,SC,100/300,2000,1352.31,0,123610,118136
519312,2015-10-28,SC,500/1000,500,1848.81,0,123542,125969
520179,2016-05-29,OH,500/1000,2000,1471.44,5000000,124211,166436
521585,2016-03-11,PA,250/500,1000,1406.91,0,123477,152156
521592,2016-01-03,IL,100/300,500,1354.2,0,124320,149489
521694,2018-01-08,IL,100/300,2000,836.11,5000000,124122,107153
521854,2015-02-16,IN,250/500,1000,1096.39,0,124360,130785
522506,2016-03-15,NY,500/1000,2000,1399.85,0,123761,128139
524215,2014-06-24,OH,250/500,2000,951.27,0,124428,142587
524230,2015-11-24,NY,100/300,500,920.3,5000000,123671,122105
524836,2015-11-20,SC,250/500,500,1082.49,0,123535,115259
525224,2016-02-10,NC,250/500,1000,1306.78,0,123912,104976
525862,2014-10-18,OH,250/500,2000,1188.51,0,124487,165386
526039,2015-09-11,NY,100/300,500,1338.54,-1000000,123777,133431
526296,2017-03-08,IL,100/300,500,1045.12,0,124146,133249
527945,2016-04-14,WV,250/500,500,1307.11,0,123557,162733
528259,2016-11-13,IN,500/1000,2000,1389.13,7000000,124340,123218
528385,2016-05-17,IL,500/1000,500,1320.39,0,124087,105053
529112,2014-08-01,WV,100/300,500,1240.47,0,123525,161018
529398,2017-06-16,NC,100/300,1000,1515.18,6000000,123704,152632
531160,2017-12-01,IL,250/500,500,1006.99,6000000,124452,126865
531640,2015-04-21,VA,250/500,500,964.79,8000000,123601,155299
532330,2016-09-22,SC,250/500,500,1459.97,5000000,123738,140795
533940,2016-11-18,IL,500/1000,2000,1356.92,5000000,124505,131835
533941,2015-06-18,NC,250/500,2000,1618.65,2000000,123850,104220
534982,2017-03-08,IL,500/1000,2000,1526.11,5000000,124024,107216
535879,2016-05-03,IN,100/300,1000,1685.69,0,124442,105886
536052,2016-03-15,OH,250/500,2000,1218.56,0,124196,161466
537546,2018-02-26,VA,100/300,2000,1073.83,0,123530,156867
538466,2016-01-18,WV,100/300,1000,1191.8,6000000,123887,107755
538955,2015-09-29,IN,100/300,1000,1164.97,0,124008,152814
540152,2015-01-27,IL,100/300,500,1256.2,0,124048,125416
542245,2015-11-25,OH,500/1000,1000,1003.15,0,124078,162859
543610,2016-05-26,NY,100/300,500,1253.12,4000000,123487,137330
544225,2017-03-08,OH,100/300,500,1052.85,0,124468,140242
545506,2015-03-20,IN,100/300,500,1389.13,0,124351,155670
547744,2015-08-07,WV,100/300,2000,768.91,0,123691,166674
547802,2015-05-09,WV,250/500,1000,1518.46,0,123726,139486
550127,2016-04-12,IN,250/500,1000,1248.05,0,124496,113516
550294,2015-11-26,IL,500/1000,1000,1526.61,0,124046,127964
550930,2015-11-06,IL,500/1000,500,1500.04,6000000,124051,158064
552618,2017-01-22,SC,100/300,1000,969.88,6000000,123890,123274
552788,2015-03-09,WV,500/1000,1000,1313.64,0,123943,110576
553436,2015-03-06,IL,250/500,500,1236.5,0,124287,138380
553565,2016-02-18,SC,500/1000,2000,929.7,6000000,123837,126074
555374,2015-04-13,WV,100/300,1000,876.88,6000000,123997,139192
556080,2016-04-06,OH,250/500,1000,766.19,0,124506,142237
556270,2016-05-06,IN,500/1000,1000,1331.94,0,124485,143028
556415,2015-08-22,OH,100/300,2000,1108.97,0,124061,138779
556538,2014-07-15,IL,250/500,1000,1851.78,0,124391,109344
557218,2016-04-16,IL,500/1000,500,982.7,6000000,124455,121538
558938,2015-02-13,WV,500/1000,1000,1199.44,5000000,123494,117590
563837,2016-12-30,VA,100/300,1000,1609.67,0,123848,106810
563878,2016-07-16,SC,250/500,500,956.69,0,123828,114713
564654,2017-01-18,OH,100/300,1000,1004.14,0,124463,108581
565157,2016-06-10,SC,100/300,1000,1046.71,0,123634,150147
565564,2017-08-03,SC,100/300,1000,1538.26,6000000,123697,109869
566720,2017-10-25,SC,100/300,500,1195.01,0,123853,157014
569245,2015-12-31,IL,100/300,2000,1239.06,0,124329,114069
569714,2015-07-18,OH,500/1000,1000,1051.67,0,124388,130379
571462,2015-11-02,IN,500/1000,500,1285.42,0,124385,131597
573572,2015-06-16,IL,100/300,500,1429.96,0,124465,110905
574637,2016-07-30,NC,250/500,1000,1595.28,0,123958,145499
574707,2015-08-24,IN,250/500,2000,1155.97,0,124323,129833
575000,2017-06-23,VA,100/300,1000,1053.04,7000000,123637,128167
576723,2016-07-12,VA,250/500,500,1611.83,0,123811,119291
577810,2018-04-15,NC,250/500,2000,1589.54,0,123757,149713
577858,2014-09-16,OH,100/300,2000,1148.58,0,124141,145247
577992,2016-11-13,IN,250/500,500,915.41,5000000,124406,114643
582011,2017-07-20,VA,100/300,1000,1245.89,0,123528,158568
582480,2015-07-08,IL,500/1000,500,1187.01,7000000,124011,161781
582973,2015-11-06,NY,100/300,2000,765.64,0,123800,156314
583169,2015-01-02,VA,100/300,500,1085.03,0,123830,150861
584859,2016-04-04,NC,100/300,1000,1558.29,0,123512,134026
585324,2015-02-25,SC,500/1000,2000,1551.61,0,123981,108665
586104,2017-03-16,WV,250/500,2000,1219.27,0,123763,135405
586367,2014-06-30,NY,100/300,500,1011.92,0,123688,157252
587498,2017-05-03,IL,500/1000,500,1351.72,0,124199,113138
589094,2017-05-27,IN,250/500,1000,1353.53,0,124203,121468
589749,2016-12-10,SC,100/300,1000,1197.71,0,123641,134306
591269,2016-09-01,IN,100/300,500,1672.88,0,124495,114237
593390,2016-09-26,VA,100/300,2000,924.72,0,123701,154144
593466,2016-09-27,OH,500/1000,500,1064.49,5000000,124161,122245
594722,2016-07-31,WV,500/1000,2000,1102.29,0,123857,115938
594739,2016-06-08,WV,100/300,500,1342.8,0,123745,112774
594783,2016-12-30,IL,250/500,500,1299.18,0,124292,157084
594988,2016-02-05,IN,500/1000,500,984.02,0,124112,101966
596298,2016-09-14,VA,500/1000,500,1330.46,0,123898,158099
596785,2015-08-05,WV,500/1000,2000,1104.5,0,123507,106376
596914,2016-05-01,IN,250/500,500,1508.9,0,124337,154788
598124,2017-09-20,NY,500/1000,500,1301.72,0,123692,147277
598308,2016-01-28,IN,250/500,2000,1333.97,6000000,124444,121503
598554,2014-02-14,SC,100/300,500,795.23,0,123539,152030
599031,2015-10-29,IN,100/300,500,1558.29,0,124381,164938
599174,2015-01-14,IL,100/300,2000,1017.18,0,124036,148803
599262,2015-09-25,SC,100/300,1000,1525.86,0,123990,121818
600845,2017-05-01,VA,100/300,2000,1540.19,0,123727,158792
601042,2017-06-24,OH,250/500,500,1246.03,0,124460,141768
602410,2016-10-23,SC,250/500,2000,1463.07,0,123680,101476
602704,2016-09-27,OH,500/1000,1000,1189.04,0,124349,152807
603632,2014-01-24,OH,250/500,2000,1285.09,0,124069,118087
604614,2015-10-25,NY,100/300,2000,1362.64,5000000,123699,154907
605100,2015-02-15,IL,100/300,500,1042.25,0,124247,134278
606037,2016-10-04,OH,500/1000,2000,1441.06,0,124136,118339
607259,2016-03-02,OH,250/500,500,1390.72,0,124294,143119
607351,2015-11-12,IN,250/500,500,1616.26,0,124142,160045
607687,2017-06-24,OH,500/1000,2000,1270.21,0,124436,140543
607974,2014-07-06,IL,500/1000,500,1265.72,0,124212,139661
608039,2015-05-15,IL,100/300,500,1155.38,0,124255,120761
608443,2016-06-16,IL,500/1000,2000,1175.07,0,124418,147914
608513,2016-07-18,SC,100/300,500,848.07,3000000,123505,135545
613226,2015-08-22,WV,100/300,2000,1595.07,0,123835,124429
614763,2015-02-01,WV,500/1000,500,1612.43,0,123568,166191
615047,2016-11-20,WV,250/500,500,1386.93,0,123792,140844
615116,2015-09-11,IN,250/500,500,1194.83,0,124231,116204
616337,2017-08-30,SC,250/500,500,1737.66,0,123520,155558
618659,2016-05-11,OH,100/300,500,965.13,0,123614,130883
618682,2014-04-03,IN,500/1000,2000,1421.59,0,124050,100279
619589,2016-10-12,IL,100/300,1000,1383.13,0,124019,158407
620020,2016-05-07,NC,500/1000,1000,984.45,0,123905,129098
620075,2017-04-21,OH,250/500,500,1257.36,0,124343,106894
620215,2015-12-30,WV,250/500,500,823.17,0,123613,130890
620855,2014-04-29,VA,500/1000,2000,1123.89,0,123829,144113
621756,2018-01-10,IN,100/300,1000,1129.23,0,124230,111059
623032,2017-08-14,SC,500/1000,1000,1061.98,6000000,123825,112942
623648,2017-02-13,NC,250/500,2000,1470.06,0,123537,136476
626074,2016-08-22,NC,250/500,2000,1724.46,6000000,123871,143686
626208,2016-05-10,OH,100/300,1000,840.81,0,124205,101210
626808,2017-10-26,NC,100/300,1000,936.61,0,123491,121755
627486,2016-04-25,IN,500/1000,500,1010.77,0,124044,147039
627540,2017-05-21,NY,500/1000,1000,1489.24,6000000,123558,119697
628337,2017-10-23,NC,100/300,2000,1078.22,0,123957,159366
629663,2016-01-21,WV,500/1000,1000,1053.02,0,123713,169166
629918,2015-05-09,WV,100/300,2000,1278.75,0,123730,138303
630226,2015-07-12,VA,250/500,500,1411.43,0,123682,123750
630683,2017-06-16,OH,250/500,500,1078.65,0,124326,156335
630998,2017-09-04,NC,250/500,1000,1117.17,0,123902,116736
631565,2018-01-05,WV,100/300,2000,1161.91,0,123901,114636
632627,2014-07-10,SC,500/1000,1000,1125.37,0,123587,169397
633090,2016-02-17,IL,100/300,1000,1631.1,0,124080,168494
633375,2017-09-17,IL,250/500,500,1083.64,0,124390,167507
634499,2014-08-26,IL,250/500,1000,999.43,0,124322,142839
636550,2016-07-25,WV,100/300,500,1315.68,0,123486,143336
636843,2015-01-12,OH,100/300,1000,1097.99,0,124137,153976
638155,2018-03-08,IL,250/500,1000,979.73,0,124083,144638
639027,2017-07-30,IL,250/500,1000,817.28,0,124200,104955
640474,2017-01-08,IN,500/1000,2000,1192.04,0,124218,153388
641845,2015-11-11,OH,250/500,500,1865.83,5000000,124193,151708
641934,2014-09-18,OH,500/1000,500,1430.8,0,124075,144344
643226,2016-07-04,OH,250/500,1000,1693.83,7000000,124441,157959
644081,2015-12-28,NC,250/500,2000,1301.13,0,123492,150630
645258,2016-09-14,VA,500/1000,2000,1267.81,5000000,123561,139892
645723,2015-05-05,OH,500/1000,500,1107.07,0,124464,157987
646069,2016-08-06,OH,500/1000,1000,1212.07,0,124357,107349
648397,2016-09-03,SC,100/300,1000,1110.37,10000000,123597,145625
648509,2017-06-03,NC,100/300,2000,897.89,6000000,123658,115973
648852,2017-04-28,IL,100/300,1000,995.55,5000000,124265,129112
649082,2016-09-03,NY,500/1000,1000,1922.84,0,123616,112697
649800,2016-03-05,OH,500/1000,1000,1007,0,124467,117485
650026,2016-09-05,NY,500/1000,500,1235.1,0,123690,154214
651861,2016-07-01,SC,100/300,500,1046.58,4000000,123662,102946
651948,2015-03-27,NY,500/1000,1000,1354.5,0,123915,105494
653864,2018-01-09,WV,250/500,2000,1281.07,7000000,123687,130043
654974,2016-10-05,OH,100/300,500,803.36,0,124191,152289
655356,2016-12-11,IL,250/500,500,1339.39,0,124108,121391
655787,2016-12-07,NY,250/500,2000,972.47,0,123784,147067
657045,2015-07-26,NY,250/500,1000,895.83,0,123551,158834
658002,2015-08-09,OH,250/500,2000,1509.04,0,124234,144806
658816,2016-04-22,IN,100/300,1000,1537.33,0,124147,103471
662088,2014-12-23,OH,500/1000,500,1212.75,0,124240,124086
662256,2015-05-31,NY,250/500,1000,1861.43,0,123967,105585
663190,2018-05-02,IL,100/300,500,1564.43,3000000,124497,117961
663938,2016-01-26,IN,100/300,2000,1231.25,0,124055,132080
664732,2017-03-24,IL,500/1000,2000,1396.89,6000000,124373,104773
666333,2015-06-19,WV,100/300,2000,1337.28,8000000,123510,106075
667021,2016-04-27,SC,500/1000,1000,1138.42,6000000,123717,105578
669501,2016-07-29,IN,250/500,500,1270.29,4000000,124392,140851
669800,2016-06-24,OH,250/500,1000,1395.77,0,124210,151911
669809,2016-05-04,OH,100/300,1000,1722.5,0,124491,113110
670142,2016-06-08,IN,100/300,500,1516.34,0,124435,169775
672416,2018-04-14,IN,500/1000,2000,1375.29,0,124350,133270
674485,2016-01-14,OH,500/1000,1000,671.01,7000000,124154,124828
674570,2015-08-12,OH,250/500,1000,1235.14,0,124500,119214
676255,2016-12-28,IN,500/1000,1000,1132.47,4000000,124382,165484
678849,2016-02-22,NC,500/1000,1000,1332.07,0,123645,155698
679370,2016-08-15,NC,500/1000,2000,1318.24,9000000,123569,158274
681486,2016-02-20,IN,500/1000,1000,1347.04,0,124501,122287
682178,2018-05-02,SC,500/1000,2000,1140.31,0,123897,136742
682387,2015-08-03,WV,100/300,2000,1221.22,0,123623,111003
682754,2015-08-23,IL,500/1000,500,1398.94,0,124143,151925
684193,2017-06-10,IL,500/1000,1000,1128.71,0,124270,109057
684653,2017-10-28,OH,250/500,2000,1106.84,0,124338,169943
686522,2014-12-27,IN,100/300,500,1169.62,0,124434,141789
686816,2016-07-12,WV,250/500,2000,1326.44,5000000,123571,123260
687639,2015-09-02,OH,250/500,2000,1181.46,10000000,123921,132353
687698,2014-06-09,WV,100/300,2000,1413.14,5000000,123479,108966
687755,2014-03-28,IL,500/1000,2000,1539.06,0,124168,124800
689034,2016-09-01,OH,500/1000,500,1093.07,4000000,124034,114776
689500,2017-01-28,WV,250/500,2000,1366.9,0,123779,144694
689901,2016-04-28,WV,100/300,2000,1398.46,0,123894,134474
691115,2017-01-28,IN,500/1000,500,1173.21,0,124228,160759
691189,2017-10-05,NY,250/500,2000,1326.62,7000000,123529,129903
694662,2016-02-15,VA,250/500,1000,1234.2,6000000,123562,118962
695117,2015-10-06,IN,100/300,1000,1034.27,0,124371,102008
698470,2015-06-17,IN,100/300,2000,1157.97,0,124177,117695
698589,2016-11-28,IL,500/1000,1000,1188.45,0,124396,162691
699044,2017-12-10,SC,100/300,2000,1266.92,0,123503,105816
700074,2016-06-06,OH,250/500,1000,1622.67,0,124331,106306
701521,2017-05-07,WV,500/1000,2000,1030.95,0,123841,106803
710741,2015-12-09,IL,100/300,500,1106.77,0,124092,100426
713172,2016-08-25,IL,250/500,1000,985.97,5000000,124229,148446
714346,2015-05-10,OH,500/1000,500,1119.29,0,124116,145919
714738,2015-03-21,SC,500/1000,2000,791.47,0,123969,162537
714784,2018-02-04,IN,250/500,1000,1008.79,4000000,124099,149692
714929,2017-10-31,SC,100/300,2000,1018.73,5000000,123789,103947
715202,2015-02-04,OH,250/500,1000,1377.23,0,124264,132101
717044,2015-07-11,OH,500/1000,1000,1653.32,0,124367,124667
717392,2016-07-30,NY,100/300,500,1040.75,0,123606,111010
718428,2016-07-15,VA,250/500,1000,1397.67,0,123612,161991
718829,2016-02-21,OH,250/500,2000,1568.47,4000000,124302,120341
719989,2014-07-25,IL,250/500,2000,566.11,5000000,124178,166135
720356,2014-08-06,OH,100/300,1000,1013.61,6000000,124445,103366
722747,2016-02-09,NY,250/500,500,1482.14,0,123944,131156
724752,2015-05-16,IL,500/1000,500,958.3,0,124446,124597
725330,2016-02-07,IN,100/300,500,1469.75,0,124293,164539
726880,2014-07-23,IN,100/300,1000,1281.72,0,124015,143819
727109,2015-02-20,IN,500/1000,2000,1082.1,0,124416,116932
727443,2018-01-07,OH,100/300,500,922.85,0,124421,118885
727792,2015-05-11,NY,100/300,500,974.59,0,123760,145233
728025,2014-02-15,IN,100/300,500,1935.85,4000000,124300,111829
728491,2017-06-26,OH,500/1000,2000,1615.14,0,124286,156349
728600,2016-08-15,IL,250/500,500,1042.56,0,124450,125178
728839,2015-02-01,OH,500/1000,2000,1524.18,0,124346,101483
729534,2015-09-30,IN,100/300,1000,1216.68,0,124021,165085
729634,2015-05-25,SC,100/300,500,1201.41,0,123532,129476
730819,2014-08-18,IN,250/500,2000,625.08,0,124124,120439
730973,2017-11-01,IN,100/300,2000,1223.39,0,124167,126697
731450,2017-12-20,VA,100/300,1000,1483.25,0,123574,131457
732169,2014-05-11,OH,500/1000,500,1863.04,0,124477,147417
735307,2017-02-06,OH,100/300,500,1532.8,0,123979,126214
735822,2015-02-08,PA,100/300,2000,1371.78,0,123720,135307
735844,2016-08-11,IN,100/300,500,1533.07,0,124091,121412
736771,2015-12-14,WV,100/300,1000,1464.03,0,123869,140921
736882,2017-01-17,NY,100/300,1000,883.31,0,123502,115742
737252,2017-11-18,OH,500/1000,2000,1215.36,0,124361,110254
737483,2017-01-20,IL,250/500,500,1521.55,0,124370,154326
737593,2017-01-11,NY,100/300,500,865.33,7000000,123742,162929
739447,2015-06-22,NY,250/500,500,767.14,0,123694,110674
740019,2016-06-17,SC,250/500,1000,1148.73,0,123579,133690
740384,2017-02-23,NY,500/1000,1000,1454.42,0,123808,161480
740505,2017-09-16,VA,250/500,1000,1242.96,7000000,123712,113362
740518,2016-02-18,SC,500/1000,1000,1377.04,0,123988,113061
743092,2017-11-28,OH,250/500,1000,1325.44,7000000,124035,134908
743163,2015-09-04,SC,500/1000,2000,1217.69,0,123698,101399
743330,2017-04-11,SC,500/1000,1000,1878.44,0,123977,158540
744557,2016-02-25,IN,500/1000,1000,1281.43,0,124414,127110
745200,2017-08-02,NY,500/1000,500,973.8,0,123866,135783
746630,2017-08-02,IN,250/500,500,1054.92,6000000,124443,105963
749325,2014-03-22,IL,500/1000,500,948.1,0,124175,122735
751612,2016-06-22,SC,250/500,1000,1464.73,3000000,123882,137547
751905,2015-05-16,NC,250/500,500,1483.91,8000000,123749,113243
752504,2017-12-30,IN,250/500,1000,1055.09,0,124431,100083
753005,2015-09-11,IL,100/300,2000,1253.44,0,124394,145884
753056,2015-03-05,IN,250/500,500,1363.59,0,124305,127159
753452,2017-05-27,IL,500/1000,2000,1174.14,0,124290,118780
753844,2016-07-22,SC,250/500,1000,1012.78,0,123970,155488
756054,2016-06-06,NC,250/500,1000,1198.15,0,123622,130960
756459,2015-05-15,NY,250/500,500,1326,0,123782,115917
756870,2016-08-09,IN,500/1000,500,1135.43,0,124056,161207
756981,2017-02-10,NC,250/500,2000,1117.04,0,123884,161669
757352,2016-12-21,OH,500/1000,1000,1238.92,0,124144,125199
757644,2015-01-29,IN,100/300,2000,988.06,0,124169,164448
758740,2016-10-05,SC,500/1000,1000,1096.79,6000000,123956,100209
760179,2018-01-11,NC,100/300,1000,1427.14,0,123584,101007
760700,2016-06-21,IL,250/500,500,1302.34,0,124274,109911
761189,2016-12-28,NC,100/300,500,1632.93,0,123552,124919
762951,2017-04-12,IN,500/1000,500,1388.62,0,124379,158379
766193,2016-07-31,SC,100/300,2000,1188.28,6000000,123996,169103
769475,2015-04-06,OH,500/1000,2000,1368.57,0,124474,119592
769602,2014-09-13,IL,100/300,1000,1156.19,0,124250,130274
771236,2015-05-28,SC,100/300,500,915.29,0,123794,137239
771509,2016-10-06,IN,500/1000,500,1395.58,0,124347,130204
774303,2016-04-13,OH,100/300,500,1471.24,0,124176,128160
774895,2016-07-04,IL,250/500,1000,840.95,0,124489,155761
776860,2016-11-01,WV,250/500,500,1337.56,0,123591,100930
776950,2015-03-24,IL,500/1000,1000,1060.74,0,124479,111374
777533,2016-12-21,OH,500/1000,1000,1387.51,0,124352,157406
779075,2017-02-27,SC,100/300,1000,1348.32,0,123768,105767
779156,2017-10-10,IL,500/1000,1000,1230.76,0,124119,167703
781181,2015-12-30,NY,100/300,2000,1402.75,0,123639,120712
783494,2016-02-03,OH,100/300,500,1537.07,3000000,124070,110184
786103,2014-08-07,OH,100/300,500,1457.21,0,124269,101602
786432,2017-09-11,IN,100/300,2000,1145.85,0,124257,112116
786957,2016-08-10,NY,100/300,500,1134.91,0,123774,138009
787351,2014-10-08,IL,250/500,2000,1730.49,7000000,124298,157266
788502,2015-07-01,OH,250/500,500,1380.89,0,124043,149314
789208,2016-12-10,PA,250/500,500,1304.35,0,123980,133025
790225,2015-05-01,OH,250/500,500,964.92,0,124198,105676
790442,2017-04-13,NY,250/500,500,538.17,0,123522,109806
791425,2017-12-30,IN,250/500,2000,1585.54,0,124458,161200
792673,2014-07-15,NY,500/1000,2000,1233.96,0,123966,110023
793948,2014-12-20,IL,100/300,2000,1396.43,0,124369,166317
794534,2015-12-14,OH,250/500,2000,1434.27,0,124194,100769
794731,2016-12-12,IN,250/500,1000,973.5,0,124074,153682
794951,2015-04-21,IN,500/1000,500,1285.01,0,124164,146640
795004,2015-03-16,PA,250/500,500,862.92,0,123983,167269
795686,2015-05-07,WV,500/1000,500,1398.51,4000000,123629,164973
795847,2015-04-28,OH,100/300,1000,1441.21,0,123964,167899
796005,2016-04-03,OH,250/500,1000,1274.63,0,124261,102890
796375,2016-10-22,OH,250/500,2000,1202.28,0,124096,163293
797613,2014-10-19,WV,100/300,500,1463.82,0,123581,126382
797634,2016-12-11,OH,500/1000,500,1216.24,0,124182,145821
797636,2016-05-19,IN,100/300,1000,974.84,0,124341,127453
797934,2016-07-04,NY,500/1000,2000,966.26,0,123844,112319
798177,2017-02-03,NY,500/1000,1000,873.64,4000000,123567,137225
798579,2016-12-19,IN,250/500,1000,1114.23,0,124310,157154
799501,2015-12-28,NY,250/500,2000,1315.56,0,123769,161816
801331,2014-08-07,IN,500/1000,1000,1561.41,0,124268,157385
803294,2017-06-18,NY,100/300,1000,1724.09,0,123817,112158
804219,2015-06-24,OH,250/500,1000,1625.65,0,124157,159212
804410,2015-12-12,NY,250/500,1000,1127.89,6000000,123836,150889
804608,2016-12-04,OH,250/500,1000,855.14,0,124301,105221
804751,2016-09-08,OH,250/500,2000,838.02,0,124226,100384
805806,2018-01-16,IN,250/500,1000,1267.4,6000000,124236,148432
806081,2016-01-02,NY,500/1000,1000,1275.81,0,123780,168004
807369,2016-06-19,NC,500/1000,500,1418.5,0,123978,118437
808153,2017-01-18,SC,500/1000,2000,977.4,0,123920,150959
808544,2015-05-02,IL,500/1000,1000,1358.91,0,124133,100524
810189,2016-08-29,VA,250/500,500,1075.41,0,123926,102519
811042,2018-04-07,IN,250/500,1000,978.27,0,124039,112452
812025,2014-06-18,SC,250/500,500,1153.49,0,123743,113173
812989,2015-03-22,NY,250/500,500,1178.95,6000000,123937,111745
815883,2015-02-07,OH,250/500,2000,1305.26,0,124386,164833
818167,2016-08-25,NC,500/1000,2000,653.66,0,123754,156951
818413,2014-02-23,NY,500/1000,1000,1377.94,0,123820,100048
824116,2015-05-05,IL,250/500,2000,1687.53,0,124312,107615
824540,2015-03-13,NY,250/500,2000,1053.24,0,123605,136826
824728,2014-09-23,IL,250/500,500,1161.03,5000000,124135,131758
828890,2017-10-20,NC,100/300,2000,1367.68,0,123675,142048
830414,2016-01-16,SC,500/1000,500,1310.76,0,123772,117947
830729,2017-04-08,SC,100/300,1000,1538.6,0,123914,133256
830878,2017-05-20,IN,250/500,1000,1151.39,4000000,124103,163384
831053,2016-05-08,IN,250/500,1000,1202.75,0,124109,137043
831479,2014-04-06,IL,100/300,2000,987.42,7000000,124115,134488
831668,2016-10-05,OH,250/500,2000,1655.79,0,124216,130386
832300,2016-04-06,IN,100/300,1000,709.14,0,124106,115427
832746,2017-01-08,WV,500/1000,1000,994.74,0,123854,154921
833321,2017-01-03,IN,250/500,500,1405.71,0,124319,147585
836272,2016-09-13,WV,100/300,500,1280.9,0,123975,106705
836349,2018-01-05,IL,500/1000,2000,1453.61,4000000,124494,111241
839884,2016-09-30,VA,100/300,500,1693.63,0,123714,120929
840225,2016-05-10,OH,100/300,1000,1041.36,0,124440,150567
840806,2018-01-16,IN,500/1000,2000,1570.77,0,124027,110156
842618,2015-06-11,NY,100/300,2000,1346.18,0,123756,127250
842643,2017-10-15,SC,500/1000,500,1215.36,3000000,123489,106320
843227,2017-09-07,NY,250/500,2000,1443.32,0,123746,101945
844007,2016-01-23,IN,500/1000,2000,1827.38,0,124433,109197
844062,2014-05-25,OH,250/500,500,862.19,0,124475,122749
844117,2015-08-21,OH,250/500,2000,1144.3,0,124413,118857
844129,2014-09-20,OH,250/500,500,871.46,0,124476,164721
845751,2014-09-23,IN,100/300,500,1533.71,9000000,124481,147221
847123,2015-11-19,WV,100/300,500,1442.27,0,123924,137596
852002,2016-06-29,IL,250/500,1000,1292.3,0,124032,105970
853360,2016-06-26,SC,500/1000,1000,1074.07,0,123590,156216
854021,2017-01-06,WV,100/300,500,1203.24,0,123642,129714
855186,2017-10-31,VA,500/1000,2000,1255.68,6000000,123935,114216
856153,2016-09-07,OH,500/1000,500,1255.02,0,124120,121804
858060,2015-05-26,NY,250/500,2000,1209.07,0,123874,140858
860497,2016-10-04,OH,500/1000,1000,1286.44,0,123804,119438
863236,2014-09-20,NY,100/300,2000,1322.1,0,123504,111682
863749,2016-05-12,IN,250/500,500,1265.84,0,124336,104003
865201,2015-10-19,OH,100/300,2000,1140.15,0,124296,106530
865607,2017-01-27,IN,250/500,1000,1562.8,0,124284,116645
865839,2015-02-08,SC,500/1000,1000,1371.88,0,123823,108910
866805,2015-09-13,OH,250/500,500,1082.36,0,124332,100545
866931,2015-07-01,WV,500/1000,1000,1123.87,8000000,123527,149223
868031,2014-06-24,OH,250/500,2000,912.29,0,124412,116659
868283,2016-12-16,NY,250/500,1000,1086.21,0,123674,110478
871305,2016-02-14,IL,500/1000,2000,1537.13,0,124314,150560
871432,2015-05-09,IL,250/500,2000,1472.43,0,124030,142755
872734,2014-05-19,WV,100/300,2000,1003.23,0,123710,154627
872814,2016-06-13,WV,100/300,500,1141.62,0,123586,130162
873114,2016-01-05,SC,100/300,1000,1251.65,0,123758,118640
873384,2014-10-31,IL,250/500,2000,1234.69,9000000,124197,164959
873859,2016-10-14,OH,250/500,1000,802.24,0,123877,126956
876680,2017-10-05,NC,100/300,1000,1118.58,0,123883,100454
876699,2016-12-12,OH,250/500,1000,1099.95,0,124029,144855
876714,2015-03-11,VA,100/300,2000,1603.42,0,123809,117135
882920,2016-12-03,WV,500/1000,1000,1215.85,0,123676,125388
883980,2015-07-05,SC,100/300,500,1203.17,0,123845,126046
884180,2016-02-16,IL,500/1000,500,1143.46,4000000,124384,161193
884365,2018-01-13,IN,100/300,1000,1423.34,0,124241,112389
885789,2015-07-21,IN,250/500,1000,1393.34,0,124185,148474
886473,2015-10-03,OH,500/1000,2000,1422.56,7000000,124317,122882
889003,2017-05-06,OH,250/500,1000,1328.26,0,124453,102834
889764,2017-03-21,OH,500/1000,1000,1200.09,0,124482,131905
889883,2016-03-02,VA,250/500,1000,1665.45,0,123753,137099
890026,2015-05-16,VA,100/300,500,1090.03,0,123881,156083
890280,2017-01-24,OH,100/300,2000,1307.68,0,124129,122567
890328,2016-08-23,SC,100/300,2000,1347.92,0,123816,138527
892148,2016-03-27,IN,500/1000,500,1359.36,5000000,124245,150245
892874,2016-10-19,WV,100/300,2000,1131.4,0,123493,107727
893853,2018-02-27,IL,250/500,500,991.39,0,124111,126179
896890,2016-07-20,NY,250/500,2000,1042.26,0,123689,115756
898519,2014-05-21,OH,250/500,1000,954.18,0,124363,146024
898573,2016-07-08,WV,500/1000,1000,1728.56,0,123725,145142
900628,2016-10-22,SC,500/1000,1000,1690.27,0,123577,124303
901083,2015-01-19,SC,500/1000,1000,1269.64,0,123895,149020
903203,2018-03-01,SC,500/1000,2000,814.96,6000000,123928,165218
903785,2014-08-24,SC,500/1000,500,1757.21,0,123876,102071
904191,2017-07-14,NY,250/500,500,1158.03,0,123635,137946
907012,2016-08-19,OH,500/1000,2000,1246.68,0,124330,139857
907113,2016-09-11,IL,500/1000,2000,1143.06,0,124318,101497
908616,2014-02-18,NC,250/500,1000,954.16,0,123509,119823
908935,2016-11-12,IL,500/1000,1000,1361.45,0,124486,111150
910365,2015-12-19,IN,250/500,1000,828.42,3000000,124306,161809
910604,2016-04-14,IN,250/500,500,1362.31,0,124262,158554
910622,2016-03-22,NY,100/300,500,1175.51,0,123947,102414
911429,2017-01-31,IN,250/500,500,989.24,0,124084,168620
912665,2016-03-13,IL,100/300,2000,1133.27,0,124125,128258
913337,2015-10-02,OH,500/1000,500,912.3,0,124148,136672
913464,2016-01-21,IN,500/1000,2000,1341.24,0,124429,157623
914088,2014-08-02,NY,100/300,2000,1291.7,0,123506,164175
914815,2014-09-27,SC,100/300,500,1706.79,0,123659,101798
918037,2015-12-12,WV,250/500,1000,1390.29,0,123972,126445
918516,2017-02-17,OH,250/500,500,1383.49,3000000,124504,129168
918629,2014-03-10,WV,250/500,2000,1322.78,0,123573,102281
918777,2017-04-04,OH,250/500,2000,1191.19,4000000,123678,155705
919875,2016-06-29,IN,100/300,2000,1118.76,0,124058,113621
920554,2015-03-25,IN,500/1000,1000,1231.01,0,124291,108560
920826,2015-07-11,IN,250/500,2000,1586.41,0,124023,159338
921202,2015-07-01,NY,500/1000,500,1374.22,0,123496,120999
921851,2016-07-12,IN,100/300,1000,1328.18,0,124280,132234
922167,2017-02-23,SC,100/300,1000,1141.35,7000000,123667,155208
922565,2016-05-23,NY,250/500,500,1124.6,0,123653,130792
922937,2016-11-12,IN,250/500,1000,935.77,0,124217,100468
924318,2015-07-07,IL,250/500,2000,1137.02,0,124014,110016
925128,2015-06-28,SC,100/300,2000,1409.06,0,123999,110667
926665,2016-04-02,WV,250/500,2000,1101.51,0,123903,158638
927205,2016-12-16,IL,250/500,500,1039.55,0,124107,134425
927354,2014-09-15,IN,100/300,500,1459.5,0,124399,117345
929306,2017-06-03,IN,100/300,500,1093.83,4000000,124483,166128
930032,2016-10-09,NC,100/300,2000,1117.42,0,123960,144939
931625,2017-10-18,SC,250/500,500,1366.42,0,123796,146563
931901,2014-12-10,OH,100/300,1000,1433.42,6000000,124473,112669
932097,2016-01-12,WV,100/300,1000,1242.02,0,123888,152534
932502,2017-11-05,NC,100/300,1000,1439.34,0,123619,142545
933293,2017-03-02,VA,500/1000,2000,1222.48,0,123516,139451
935277,2018-03-08,NC,500/1000,500,1348.83,0,123621,144253
935442,2017-11-20,WV,250/500,500,1365.46,4000000,123826,142335
935596,2016-01-05,WV,500/1000,1000,1711.72,0,123741,103849
936543,2015-06-26,VA,500/1000,500,1412.31,0,123909,143602
936638,2016-04-28,NY,250/500,2000,1459.93,0,123891,125612
938634,2017-08-30,IL,100/300,500,1427.46,0,124259,105172
939631,2014-03-18,SC,500/1000,2000,1273.7,4000000,123526,157833
939905,2017-09-04,NY,500/1000,500,1495.1,0,123585,146262
940942,2015-11-07,WV,250/500,2000,1649.18,0,123706,100790
941807,2016-06-25,OH,100/300,500,1219.94,7000000,124160,130407
941851,2015-07-16,OH,500/1000,1000,1310.8,0,124502,104493
942106,2017-08-30,OH,250/500,2000,1767.02,0,124163,136329
942504,2017-06-16,VA,500/1000,2000,1035.79,0,123751,145576
943425,2016-10-28,OH,250/500,2000,1221.41,0,124192,104794
944102,2016-07-21,NY,100/300,2000,1462.76,0,123893,133851
944537,2016-07-23,OH,500/1000,1000,1074.47,0,124118,160773
944953,2015-02-09,OH,250/500,1000,1540.91,7000000,124171,120768
947598,2016-06-20,IN,100/300,1000,1114.29,0,124232,109946
950542,2016-04-27,OH,250/500,500,911.53,0,124403,158512
950880,2015-12-19,IN,250/500,500,999.52,0,124042,136567
951543,2016-09-07,VA,250/500,2000,1616.58,0,123810,131534
951863,2017-08-08,OH,250/500,1000,1270.55,0,124333,123491
952300,2016-02-08,OH,500/1000,1000,1439.9,6000000,124127,142762
953334,2015-11-25,IN,100/300,1000,1178.61,7000000,124353,139094
954191,2017-02-17,SC,500/1000,1000,1403.9,0,123861,124653
955953,2016-01-09,NY,500/1000,2000,1353.33,0,123946,119305
957816,2017-04-03,IL,500/1000,2000,1193.4,0,124364,129686
958785,2016-03-20,WV,100/300,500,1216.56,0,123843,133333
958857,2016-01-15,SC,100/300,1000,1226.83,0,123570,105018
960680,2014-09-28,OH,250/500,2000,1318.06,0,123563,100853
961496,2016-05-01,IL,250/500,500,1123.84,0,124225,103611
962591,2015-03-16,SC,250/500,2000,1241.97,0,123652,134481
963285,2017-04-06,IN,100/300,1000,1425.79,0,124285,115819
963680,2017-04-01,VA,500/1000,1000,1474.66,0,124003,161263
963761,2015-04-13,OH,500/1000,500,1459.99,0,124393,103373
964657,2017-07-17,NY,250/500,2000,1277.25,0,123618,111451
965187,2014-03-26,OH,250/500,500,1257.04,0,124344,125136
965768,2016-05-03,WV,250/500,1000,1302.4,6000000,123607,145366
967713,2017-04-16,IL,250/500,500,809.11,0,124437,151141
967756,2016-05-04,SC,250/500,2000,1388.58,0,123771,138611
970607,2016-03-06,WV,250/500,1000,1019.44,0,123702,144666
971295,2015-01-10,SC,500/1000,500,1434.51,0,123907,165148
971338,2018-04-11,NY,100/300,1000,1570.86,0,123968,117639
973546,2017-12-21,OH,500/1000,500,1493.5,5000000,124254,111507
974522,2014-01-27,IN,250/500,1000,1503.21,0,124490,145905
976645,2017-02-28,NY,100/300,500,1047.06,6000000,123971,124891
976908,2017-12-31,IL,250/500,500,900.02,6000000,124065,130946
976971,2016-04-19,NY,250/500,500,1734.09,0,123681,152275
979285,2017-02-24,SC,250/500,2000,1313.51,7000000,123856,154620
979336,2015-04-03,IL,500/1000,500,1694.09,7000000,124295,101049
979544,2015-12-05,IL,100/300,500,1354.83,0,124113,141397
979963,2016-03-06,IN,100/300,500,982.22,0,124375,139465
981123,2014-04-05,NY,100/300,1000,1059.52,0,123594,131926
982678,2016-06-15,OH,250/500,500,1452.27,0,124356,135622
982871,2017-06-26,VA,250/500,500,1262.08,0,123518,119662
984456,2017-06-24,IN,500/1000,500,484.67,0,124267,165029
984948,2017-04-14,SC,500/1000,2000,995.56,0,123815,142027
985436,2017-09-08,WV,250/500,500,1495.06,0,123647,123344
985446,2017-11-10,OH,250/500,2000,1896.91,0,124383,132612
985924,2015-10-28,SC,250/500,500,972.5,0,123900,148488
987524,2015-10-23,IL,250/500,500,1381.14,0,124426,147578
987905,2016-04-30,WV,250/500,2000,1407.01,5000000,123770,121223
990493,2015-01-13,SC,500/1000,500,1415.68,0,123513,118038
990624,2018-04-27,IN,250/500,1000,1569.33,0,124244,107181
990998,2016-05-09,IN,100/300,1000,1556.31,0,124355,116715
991480,2016-09-12,IN,100/300,2000,1373.21,0,124156,124485
991553,2015-12-12,OH,250/500,500,920.81,0,124420,112039
992145,2017-01-03,WV,100/300,2000,1075.18,5000000,123576,107720
993840,2018-04-06,WV,250/500,500,1793.16,0,123938,148250
994538,2015-01-11,NY,100/300,2000,1083.01,0,123759,132906
996253,2015-11-29,SC,500/1000,500,951.46,0,123973,111199
996850,2015-08-21,OH,100/300,1000,1397,0,124101,124268
998192,2015-10-03,IL,100/300,500,1433.24,0,124054,104430
998865,2016-01-04,IL,500/1000,1000,1740.57,0,124170,122700
999435,2015-01-01,NY,250/500,2000,1091.73,0,123873,149370
